gene_symbol	inheritance	prevalence	allelic_het	genetic_het	penetrance	bs1_threshold	bs1_strength	bs1_exclude	ba1_threshold	af_basis	pm2_threshold	pm2_strength	pm2_basis	pm2_subpop	pm2_zygosity	pm2_subset	pm2_min_depth	pm4	pm4_supporting_max_aa	pp2	pp2_requires	pm5_grantham	pm5_excludes	pm5_max	pm5_lp	bs2	bs2_count	bs2_strength	bs2_female_only	bs2_hom_only	pvs1	ps1	ps1_splice	ps1_max	ps1_paralog_group	ps1_paralog_strength	bp1	bp1_target	bp1_exclude	bp1_strength	bp1_no_splice	bp3	bp3_regions	bp7_phylop	bp7_intronic	bp4_splice_cutoff	bp7_splice_cutoff	revel_pp3_supporting	revel_pp3_moderate	revel_pp3_strong	revel_bp4_supporting	revel_bp4_moderate	revel_bp4_strong	source_vcep	cspec_url	notes
ABCA4	AR					0.0163	Strong		0.163		0.0001							applicable	1	not_applicable				Moderate		not_applicable					applicable	applicable	canonical				not_applicable					not_applicable						0.644	0.772		0.29	0.184		ABCA4 Variant Curation Expert Panel 	https://cspec.genome.network/cspec/ui/svi/svi/GN164	GN164 Released
ABCD1	XL					0.000017	Strong		0.00017		0.0000017				hemi:0			applicable		not_applicable				Moderate		applicable	11				applicable	applicable	canonical				not_applicable					not_applicable		na				0.85			0.5			Peroxisomal Disorders Variant Curation Expert Panel 	https://cspec.genome.network/cspec/ui/svi/svi/GN105	GN105 Released
ACADVL	AR					0.0035	Strong		0.007		0.001							applicable		not_applicable			PM1	Strong		not_applicable					applicable	applicable	canonical				not_applicable					not_applicable						0.75			0.5			ACADVL Variant Curation Expert Panel	https://cspec.genome.network/cspec/ui/svi/svi/GN021	GN021 Released
ACO2	AD																																																					Optic Nerve Atrophy Variant Curation Expert Panel	https://cspec.genome.network/cspec/ui/svi/svi/GN211	GN211 Classification Rules In Prep
ACTA1	AR					0.00025	Strong		0.0025		0							applicable		not_applicable				Strong		not_applicable					not_applicable	applicable					not_applicable					not_applicable						0.7			0.15			Congenital Myopathies Variant Curation Expert Panel	https://cspec.genome.network/cspec/ui/svi/svi/GN169	GN169 Released; multiple specs (kept conservative)
ACTC1	AD					0.0001	Strong		0.001		0.00004		faf	ci95				applicable		not_applicable			PM1	Moderate		not_applicable					not_applicable	applicable					not_applicable					not_applicable			donor:7,acceptor:-4			0.7			0.4			Cardiomyopathy Variant Curation Expert Panel	https://cspec.genome.network/cspec/ui/svi/svi/GN101	GN101 Released
ACVRL1	AD					0.002	Strong		0.01		0.00004							applicable		not_applicable				Strong	no	not_applicable					applicable	applicable					not_applicable					not_applicable						0.644			0.15			Hereditary Hemorrhagic Telangiectasia Variant Curation Expert Panel	https://cspec.genome.network/cspec/ui/svi/svi/GN135	GN135 Released
ADA	AR					0.00161	Strong		0.00721		0.0001742		faf		hom:0			applicable		not_applicable				Strong		applicable				1	applicable	applicable	canonical				not_applicable					not_applicable		na										Severe Combined Immunodeficiency Disease  Variant Curation Expert Panel	https://cspec.genome.network/cspec/ui/svi/svi/GN114	GN114 Released
AIPL1	AR					0.00057	Strong		0.0057		0.0004							applicable	1	not_applicable				Moderate		applicable	3	Strong:6,Supporting:3		1	applicable	applicable	canonical				not_applicable					not_applicable		na				0.644			0.29	0.183		Leber Congenital Amaurosis/early onset Retinal Dystrophy Variant Curation Expert Panel	https://cspec.genome.network/cspec/ui/svi/svi/GN208	GN208 Released; BS1: multiple cutoffs in desc — verify
AKT3						0.000185	Strong		0.000926		0							not_applicable		applicable				Moderate	no	applicable	3				not_applicable	applicable					not_applicable					not_applicable		0.1	noncanonical									Brain Malformations Variant Curation Expert Panel	https://cspec.genome.network/cspec/ui/svi/svi/GN018	GN018 Released
ANO5	AR					0.001	Strong		0.003		0.0001			ci95				applicable		not_applicable				Strong		not_applicable					applicable	applicable	canonical				not_applicable					not_applicable				0.05	0.05	0.7			0.1			Limb Girdle Muscular Dystrophy Variant Curation Expert Panel	https://cspec.genome.network/cspec/ui/svi/svi/GN188	GN188 Released; populated over empty placeholder
APC						0.00001	Strong		0.001		0.000003							not_applicable		not_applicable		ge		Moderate		not_applicable					applicable	applicable	canonical				applicable	missense	1021-1035			not_applicable												InSiGHT Hereditary Colorectal Cancer/Polyposis Variant Curation Expert Panel	https://cspec.genome.network/cspec/ui/svi/svi/GN089	GN089 Released
ATM	AD,AR					0.0005	Strong		0.005		0.00001							applicable		not_applicable				Supporting		not_applicable					applicable	applicable	canonical				not_applicable					not_applicable						0.7333			0.249			Hereditary Breast, Ovarian and Pancreatic Cancer Variant Curation Expert Panel	https://cspec.genome.network/cspec/ui/svi/svi/GN020	GN020 Released
BMPR2	AD					0.001	Strong		0.01		0.0001							applicable		applicable	PM2,PP3			Moderate		applicable	1	Strong:3,Moderate:2,Supporting:1		1	applicable	applicable	noncanonical				not_applicable					applicable						0.644			0.29			Pulmonary Hypertension Variant Curation Expert Panel	https://cspec.genome.network/cspec/ui/svi/svi/GN125	GN125 Released
BRAF	AD					0.00025	Strong		0.0005		0							applicable		applicable			PM1	Strong	no	not_applicable					not_applicable	applicable					applicable	truncating				not_applicable			noncanonical			0.7			0.3			RASopathy Variant Curation Expert Panel	https://cspec.genome.network/cspec/ui/svi/svi/GN049	GN049 Released; multiple specs (gene-specific kept)
BRCA1	AD					0.0001	Strong		0.001		0					non_cancer	25	not_applicable		not_applicable				Strong		not_applicable					applicable	applicable	canonical				applicable	broad	2-101;1391-1424;1650-1857	Strong	yes	not_applicable		na										ENIGMA BRCA1 and BRCA2 Variant Curation Expert Panel	https://cspec.genome.network/cspec/ui/svi/svi/GN092	GN092 Released
BRCA2	AD					0.0001	Strong		0.001		0					non_cancer	25	not_applicable		not_applicable				Strong		not_applicable					applicable	applicable	canonical				applicable	broad	10-40;2481-3186	Strong	yes	not_applicable		na										ENIGMA BRCA1 and BRCA2 Variant Curation Expert Panel	https://cspec.genome.network/cspec/ui/svi/svi/GN097	GN097 Released; populated over empty placeholder
CACNA1F	XL																																																					X-linked Inherited Retinal Disease Variant Curation Expert Panel	https://cspec.genome.network/cspec/ui/svi/svi/GN183	GN183 Classification Rules In Prep
CAPN3	AR					0.001	Strong		0.003		0.0001			ci95				applicable		not_applicable				Strong		not_applicable					applicable	applicable	canonical				not_applicable					not_applicable				0.05	0.05	0.7			0.1			Limb Girdle Muscular Dystrophy Variant Curation Expert Panel	https://cspec.genome.network/cspec/ui/svi/svi/GN187	GN187 Released; populated over empty placeholder
CDH1						0.001	Strong		0.002		0.00001							applicable		not_applicable				Supporting		not_applicable					applicable	not_applicable					not_applicable					not_applicable												Gastric Cancer Variant Curation Expert Panel	https://cspec.genome.network/cspec/ui/svi/svi/GN007	GN007 Released
CDH23						0.003	Strong		0.005		0.00002							applicable		not_applicable				Strong	no	not_applicable					applicable	applicable	canonical				not_applicable					applicable						0.7			0.15			Hearing Loss Variant Curation Expert Panel	https://cspec.genome.network/cspec/ui/svi/svi/GN005	GN005 Released; BA1: multiple cutoffs in desc — verify; BS1: multiple cutoffs in desc — verify
CDKL5	XL					0.0000083	Strong		0.000083		0							applicable		not_applicable		ge		Strong	no	not_applicable					applicable	applicable					not_applicable					applicable		0.1				0.644			0.29			Rett and Angelman-like Disorders Variant Curation Expert Panel	https://cspec.genome.network/cspec/ui/svi/svi/GN034	GN034 Released; multiple specs (gene-specific kept)
CEP290	AR																																																					Leber Congenital Amaurosis/early onset Retinal Dystrophy Variant Curation Expert Panel	https://cspec.genome.network/cspec/ui/svi/svi/GN226	GN226 Pilot Rules Submitted
CHEK2	AD																																																					Hereditary Breast, Ovarian and Pancreatic Cancer Variant Curation Expert Panel	https://cspec.genome.network/cspec/ui/svi/svi/GN228	GN228 Classification Rules In Prep
CHM	XL																																																					X-linked Inherited Retinal Disease Variant Curation Expert Panel	https://cspec.genome.network/cspec/ui/svi/svi/GN165	GN165 Classification Rules In Prep
COCH						0.003	Strong		0.005		0.00002							applicable		not_applicable				Strong	no	applicable					applicable	applicable	canonical				not_applicable					applicable						0.7			0.15			Hearing Loss Variant Curation Expert Panel	https://cspec.genome.network/cspec/ui/svi/svi/GN005	GN005 Released; BA1: multiple cutoffs in desc — verify; BS1: multiple cutoffs in desc — verify
CPS1																																																						Urea Cycle Disorders Variant Curation Expert Panel	https://cspec.genome.network/cspec/ui/svi/svi/GN152	GN152 Pilot Rules In Prep
CTLA4	AD					0.00000111	Strong		0.0000111		0.000000143							applicable		not_applicable				Moderate	no	not_applicable					applicable	applicable	canonical				not_applicable					not_applicable						0.75			0.25			Antibody Deficiencies Variant Curation Expert Panel	https://cspec.genome.network/cspec/ui/svi/svi/GN122	GN122 Released
CYP1B1	AR					0.01	Strong		0.05		0.0005							applicable		not_applicable				Strong		not_applicable					applicable	applicable	canonical				not_applicable					not_applicable						0.644	0.773	0.932	0.29	0.183	0.016	Glaucoma Variant Curation Expert Panel	https://cspec.genome.network/cspec/ui/svi/svi/GN104	GN104 Released
CYP27A1	AR																																																					Pediatric Cataract Variant Curation Expert Panel	https://cspec.genome.network/cspec/ui/svi/svi/GN227	GN227 Classification Rules Submitted
DCLRE1C	AR					0.00078	Strong		0.00346		0.00003266		faf		hom:0			applicable		not_applicable				Strong		applicable	3	Strong:3,Supporting:1			applicable	applicable	canonical				not_applicable					not_applicable		na										Severe Combined Immunodeficiency Disease  Variant Curation Expert Panel	https://cspec.genome.network/cspec/ui/svi/svi/GN116	GN116 Released
DDC	AR																																																					Dopa Decarboxylase (Aromatic L-Amino Acid Decarboxylase) Variant Curation Expert Panel	https://cspec.genome.network/cspec/ui/svi/svi/GN163	GN163 Pilot Rules Submitted
DDX41	AD																																																					Myeloid Malignancy Variant Curation Expert Panel	https://cspec.genome.network/cspec/ui/svi/svi/GN159	GN159 Pilot Rules Submitted
DICER1	AD					0.0003	Strong		0.003		0.000005							applicable		not_applicable		ge	PM1,PS1	Moderate	no	not_applicable					applicable	applicable	noncanonical				not_applicable					not_applicable						0.75			0.5			DICER1 and miRNA-Processing Gene Variant Curation Expert Panel	https://cspec.genome.network/cspec/ui/svi/svi/GN024	GN024 Released
DNAH5																																																						Motile Ciliopathy Variant Curation Expert Panel 	https://cspec.genome.network/cspec/ui/svi/svi/GN134	GN134 Pilot Rules In Prep
DNM2	AD					0.00000015	Strong		0.0000015		0							applicable		applicable				Strong		not_applicable					not_applicable	applicable					not_applicable					not_applicable						0.7			0.15			Congenital Myopathies Variant Curation Expert Panel	https://cspec.genome.network/cspec/ui/svi/svi/GN148	GN148 Released
DYSF	AR					0.001	Strong		0.003		0.0001			ci95				applicable		not_applicable				Strong		not_applicable					applicable	applicable	canonical				not_applicable					not_applicable				0.05	0.05	0.7			0.1			Limb Girdle Muscular Dystrophy Variant Curation Expert Panel	https://cspec.genome.network/cspec/ui/svi/svi/GN180	GN180 Released
ENG	AD					0.002	Strong		0.01		0.00004							applicable		not_applicable				Strong	no	not_applicable					applicable	applicable					not_applicable					not_applicable						0.644			0.15			Hereditary Hemorrhagic Telangiectasia Variant Curation Expert Panel	https://cspec.genome.network/cspec/ui/svi/svi/GN136	GN136 Released
ETHE1						0.0002	Strong		0.001		0.00002	Moderate						applicable		not_applicable				Moderate	no	applicable				1	applicable	applicable					not_applicable					applicable						0.75			0.15			Mitochondrial Diseases Variant Curation Expert Panel	https://cspec.genome.network/cspec/ui/svi/svi/GN014	GN014 Released
F11	AD																																																					Coagulation Factor Deficiency Variant Curation Expert Panel	https://cspec.genome.network/cspec/ui/svi/svi/GN213	GN213 Pilot Rules In Prep
F7	AR																																																					Coagulation Factor Deficiency Variant Curation Expert Panel	https://cspec.genome.network/cspec/ui/svi/svi/GN212	GN212 Pilot Rules In Prep
F8	XL					0.0000333	Strong		0.000333		0							applicable		not_applicable				Moderate		not_applicable					applicable	applicable	canonical				not_applicable					not_applicable		0.1				0.6			0.3			Coagulation Factor Deficiency Variant Curation Expert Panel	https://cspec.genome.network/cspec/ui/svi/svi/GN071	GN071 Released
F9	XL					0.00000556	Strong		0.0000556		0							applicable		not_applicable				Moderate		not_applicable					applicable	applicable	canonical				not_applicable					not_applicable		0.1				0.6			0.3			Coagulation Factor Deficiency Variant Curation Expert Panel	https://cspec.genome.network/cspec/ui/svi/svi/GN080	GN080 Released
FBN1						0.00005	Strong		0.001		0.000005							applicable		applicable				Moderate	no	not_applicable					applicable	applicable	canonical				not_applicable					not_applicable						0.75			0.326			FBN1 Variant Curation Expert Panel	https://cspec.genome.network/cspec/ui/svi/svi/GN022	GN022 Released
FKRP																																																						Limb Girdle Muscular Dystrophy Variant Curation Expert Panel	https://cspec.genome.network/cspec/ui/svi/svi/GN232	GN232 Classification Rules In Prep
FOXC1																																																						Ocular Anterior Segment Disorder Variant Curation Expert Panel	https://cspec.genome.network/cspec/ui/svi/svi/GN236	GN236 Classification Rules In Prep
FOXG1	AD					0.0000083	Strong		0.000083		0							applicable	2	not_applicable		ge		Strong	no	not_applicable					applicable	applicable					not_applicable					applicable	47-57;58-61;65-69;70-73;74-80	0.1				0.644			0.29			Rett and Angelman-like Disorders Variant Curation Expert Panel	https://cspec.genome.network/cspec/ui/svi/svi/GN035	GN035 Released; multiple specs (gene-specific kept)
FOXN1	AD					0.00141	Strong		0.00447		0.00002412		faf					applicable		not_applicable				Strong		not_applicable					applicable	applicable	canonical				not_applicable					not_applicable						0.644	0.932		0.29			Severe Combined Immunodeficiency Disease  Variant Curation Expert Panel	https://cspec.genome.network/cspec/ui/svi/svi/GN113	GN113 Released
FOXP3	XL																																																					Monogenic Diabetes Variant Curation Expert Panel	https://cspec.genome.network/cspec/ui/svi/svi/GN178	GN178 CSpec Deleted
G6PD																																																						Glucose-6-phosphate dehydrogenase Variant Curation Expert Panel	https://cspec.genome.network/cspec/ui/svi/svi/GN176	GN176 Pilot Rules In Prep
GAA						0.005	Strong		0.01		0.001	Moderate						applicable	1	not_applicable				Moderate		not_applicable					applicable	applicable					not_applicable					not_applicable				0.2		0.7			0.5			Lysosomal Diseases Variant Curation Expert Panel	https://cspec.genome.network/cspec/ui/svi/svi/GN010	GN010 Released
GALT	AR					0.005	Strong		0.01		0.0005		faf					applicable		not_applicable		ge		Moderate		applicable					applicable	applicable	canonical				not_applicable					not_applicable		na				0.7			0.15			Galactosemia Variant Curation Expert Panel 	https://cspec.genome.network/cspec/ui/svi/svi/GN158	GN158 Released
GAMT						0.001	Strong		0.003		0.0004				hom:0			applicable	1	not_applicable				Moderate		applicable				1	applicable	applicable	canonical				not_applicable					not_applicable						0.644	0.773	0.932	0.29			Cerebral Creatine Deficiency Syndromes Variant Curation Expert Panel	https://cspec.genome.network/cspec/ui/svi/svi/GN026	GN026 Released
GATA4	AD																																																					Congenital Heart Disease Variant Curation Expert Panel	https://cspec.genome.network/cspec/ui/svi/svi/GN216	GN216 Pilot Rules In Prep
GATM	AR					0.0001	Strong		0.0005		0.000055				hom:0			applicable	1	not_applicable				Moderate		not_applicable					applicable	applicable	canonical				not_applicable					not_applicable						0.644	0.773		0.29			Cerebral Creatine Deficiency Syndromes Variant Curation Expert Panel	https://cspec.genome.network/cspec/ui/svi/svi/GN025	GN025 Released
GBA1																																																						Parkinson's Disease Variant Curation Expert Panel	https://cspec.genome.network/cspec/ui/svi/svi/GN207	GN207 Classification Rules In Prep
GCK	AD					0.00004	Strong		0.0001		0.000003		faf					applicable	1	applicable		ge		Strong		not_applicable					applicable	applicable	canonical				not_applicable					not_applicable		2.0				0.7			0.15			Monogenic Diabetes Variant Curation Expert Panel	https://cspec.genome.network/cspec/ui/svi/svi/GN086	GN086 Released
GDAP1																																																						Charcot-Marie-Tooth Disease Variant Curation Expert Panel	https://cspec.genome.network/cspec/ui/svi/svi/GN215	GN215 Classification Rules In Prep
GFAP	AD																																																					Leukodystrophy and Leukoencephalopathy Variant Curation Expert Panel	https://cspec.genome.network/cspec/ui/svi/svi/GN157	GN157 Approved For Release
GJB2						0.003	Strong		0.005		0.00002							applicable		not_applicable				Strong	no	not_applicable					applicable	applicable	canonical				not_applicable					applicable						0.7			0.15			Hearing Loss Variant Curation Expert Panel	https://cspec.genome.network/cspec/ui/svi/svi/GN005	GN005 Released; BA1: multiple cutoffs in desc — verify; BS1: multiple cutoffs in desc — verify
GP1BA	AR					0.0005	Strong		0.001		0.0001114							applicable		not_applicable				Moderate		not_applicable					applicable	applicable					not_applicable					applicable		1.5				0.644	0.773		0.29			Platelet Disorders Variant Curation Expert Panel	https://cspec.genome.network/cspec/ui/svi/svi/GN079	GN079 Released
GP1BB	AR					0.0005	Strong		0.001		0.00006517							applicable		not_applicable				Moderate		not_applicable					applicable	applicable					not_applicable					applicable		1.5				0.644	0.773		0.29			Platelet Disorders Variant Curation Expert Panel	https://cspec.genome.network/cspec/ui/svi/svi/GN082	GN082 Released
GP9	AR					0.0007	Strong		0.001		0.0000329							applicable		not_applicable				Moderate		not_applicable					applicable	applicable					not_applicable					applicable		1.5				0.644	0.773		0.29			Platelet Disorders Variant Curation Expert Panel	https://cspec.genome.network/cspec/ui/svi/svi/GN083	GN083 Released
GRIN1	AD																																																					GRIN Disorders  Variant Curation Expert Panel	https://cspec.genome.network/cspec/ui/svi/svi/GN072	GN072 Pilot Rules In Prep; multiple specs
GRIN2A	AD																																																					GRIN Disorders  Variant Curation Expert Panel	https://cspec.genome.network/cspec/ui/svi/svi/GN073	GN073 Pilot Rules In Prep; multiple specs
GRIN2B	AD																																																					GRIN Disorders  Variant Curation Expert Panel	https://cspec.genome.network/cspec/ui/svi/svi/GN074	GN074 Pilot Rules In Prep
GRIN2D	AD																																																					GRIN Disorders  Variant Curation Expert Panel	https://cspec.genome.network/cspec/ui/svi/svi/GN075	GN075 Pilot Rules In Prep
GUCY2D	AR					0.0016	Strong		0.016		0.0004							applicable	1	not_applicable				Moderate		applicable	3	Strong:6,Supporting:3		1	applicable	applicable	canonical				not_applicable					not_applicable		na				0.644	0.774		0.29	0.183		Leber Congenital Amaurosis/early onset Retinal Dystrophy Variant Curation Expert Panel	https://cspec.genome.network/cspec/ui/svi/svi/GN167	GN167 Released; BS1: multiple cutoffs in desc — verify
HBA1	AD,AR																																																					Hemoglobinopathy Variant Curation Expert Panel	https://cspec.genome.network/cspec/ui/svi/svi/GN155	GN155 Pilot Rules In Prep; multiple specs; multiple specs; multiple specs; multiple specs; multiple specs
HBA2	AR					0.001	Strong		0.005		0.0001							applicable		not_applicable				Moderate	no	not_applicable					applicable	applicable			HBA1	Moderate	not_applicable					not_applicable				0.3		0.8			0.7			Hemoglobinopathy Variant Curation Expert Panel	https://cspec.genome.network/cspec/ui/svi/svi/GN173	GN173 Released; populated over empty placeholder
HBB	AR					0.001	Strong		0.005		0.0001							applicable		not_applicable				Moderate	no	not_applicable					applicable	applicable					not_applicable					not_applicable				0.3		0.8			0.7			Hemoglobinopathy Variant Curation Expert Panel	https://cspec.genome.network/cspec/ui/svi/svi/GN170	GN170 Released; populated over empty placeholder
HNF1A						0.000033	Strong		0.0001		0.000003		faf					applicable	1	not_applicable		ge		Strong		not_applicable					applicable	applicable	canonical				not_applicable					not_applicable		2.0				0.7			0.15			Monogenic Diabetes Variant Curation Expert Panel	https://cspec.genome.network/cspec/ui/svi/svi/GN017	GN017 Released
HNF1B																																																						Monogenic Diabetes Variant Curation Expert Panel	https://cspec.genome.network/cspec/ui/svi/svi/GN175	GN175 Classification Rules In Prep
HNF4A	AD					0.000033	Strong		0.0001		0.000003		faf					applicable	1	not_applicable		ge		Strong		not_applicable					applicable	applicable	canonical				not_applicable					not_applicable		2.0				0.7			0.15			Monogenic Diabetes Variant Curation Expert Panel	https://cspec.genome.network/cspec/ui/svi/svi/GN085	GN085 Released
HRAS	AD					0.00025	Strong		0.0005		0							applicable		not_applicable			PM1	Strong	no	not_applicable					not_applicable	applicable			NRAS,KRAS		applicable	truncating				not_applicable			noncanonical			0.7			0.3			RASopathy Variant Curation Expert Panel	https://cspec.genome.network/cspec/ui/svi/svi/GN046	GN046 Released; multiple specs (gene-specific kept)
IDUA	AR					0.0025	Strong		0.005		0.00025							applicable	1	not_applicable				Moderate		not_applicable					applicable	applicable	canonical				not_applicable					not_applicable						0.644	0.773		0.29			Lysosomal Diseases Variant Curation Expert Panel	https://cspec.genome.network/cspec/ui/svi/svi/GN091	GN091 Released
IL2RG	XL					0.00249	Strong		0.0111									applicable		not_applicable				Strong		applicable	3	Strong:3,Supporting:2			applicable	applicable					not_applicable					not_applicable		na										Severe Combined Immunodeficiency Disease  Variant Curation Expert Panel	https://cspec.genome.network/cspec/ui/svi/svi/GN129	GN129 Released
IL7R	AR					0.00126	Strong		0.00566		0.00004129		faf		hom:0			applicable		not_applicable				Strong		applicable	1	Strong:3,Supporting:1		1	applicable	applicable	canonical				not_applicable					not_applicable		na										Severe Combined Immunodeficiency Disease  Variant Curation Expert Panel	https://cspec.genome.network/cspec/ui/svi/svi/GN119	GN119 Released
INS	AD																																																					Monogenic Diabetes Variant Curation Expert Panel	https://cspec.genome.network/cspec/ui/svi/svi/GN151	GN151 Classification Rules In Prep
ITGA2B						0.00158	Strong		0.0024		0.0001	Moderate						applicable		not_applicable				Moderate		not_applicable					applicable	applicable					not_applicable					applicable						0.7			0.25			Platelet Disorders Variant Curation Expert Panel	https://cspec.genome.network/cspec/ui/svi/svi/GN011	GN011 Released
ITGB3						0.00158	Strong		0.0024		0.0001	Moderate						applicable		not_applicable				Moderate		not_applicable					applicable	applicable					not_applicable					applicable						0.7			0.25			Platelet Disorders Variant Curation Expert Panel	https://cspec.genome.network/cspec/ui/svi/svi/GN011	GN011 Released
JAK3	AR					0.001	Strong		0.00447		0.000115		faf		hom:0			applicable		not_applicable				Strong		applicable	1	Strong:3,Supporting:1		1	applicable	applicable	canonical				not_applicable					not_applicable		na										Severe Combined Immunodeficiency Disease  Variant Curation Expert Panel	https://cspec.genome.network/cspec/ui/svi/svi/GN121	GN121 Released
KCNQ1	AD,AR					0.0004	Strong		0.004		0.00001							applicable		not_applicable				Moderate	no	not_applicable					applicable	applicable	canonical			Moderate	not_applicable					not_applicable		2.0				0.75			0.25			Potassium Channel Arrhythmia Variant Curation Expert Panel	https://cspec.genome.network/cspec/ui/svi/svi/GN112	GN112 Released
KCNQ4						0.003	Strong		0.005		0.00002							applicable		not_applicable				Strong	no	applicable					applicable	applicable	canonical				not_applicable					applicable						0.7			0.15			Hearing Loss Variant Curation Expert Panel	https://cspec.genome.network/cspec/ui/svi/svi/GN005	GN005 Released; BA1: multiple cutoffs in desc — verify; BS1: multiple cutoffs in desc — verify
KRAS	AD					0.00025	Strong		0.0005		0							applicable		not_applicable			PM1	Strong	no	not_applicable					not_applicable	applicable			HRAS,NRAS		applicable	truncating				not_applicable			noncanonical			0.7			0.3			RASopathy Variant Curation Expert Panel	https://cspec.genome.network/cspec/ui/svi/svi/GN044	GN044 Released; multiple specs (gene-specific kept)
LDLR						0.002	Strong		0.005		0.0002	Moderate						applicable		not_applicable				Strong	no	not_applicable					applicable	applicable	canonical				not_applicable					not_applicable						0.75			0.5			Familial Hypercholesterolemia Variant Curation Expert Panel	https://cspec.genome.network/cspec/ui/svi/svi/GN013	GN013 Released
LRRK2																																																						Parkinson's Disease Variant Curation Expert Panel	https://cspec.genome.network/cspec/ui/svi/svi/GN144	GN144 Classification Rules In Prep
LZTR1	AD,AR					0.00025	Strong		0.0005		0.000025							applicable		not_applicable				Strong	no	not_applicable					applicable	applicable					not_applicable					not_applicable			noncanonical			0.7			0.3			RASopathy Variant Curation Expert Panel	https://cspec.genome.network/cspec/ui/svi/svi/GN094	GN094 Released
MAP2K1	AD					0.00025	Strong		0.0005		0							applicable		applicable			PM1	Strong	no	not_applicable					not_applicable	applicable			MAP2K2		applicable	truncating				not_applicable			noncanonical			0.7			0.3			RASopathy Variant Curation Expert Panel	https://cspec.genome.network/cspec/ui/svi/svi/GN045	GN045 Released; multiple specs (gene-specific kept)
MAP2K2	AD					0.00025	Strong		0.0005		0							applicable		not_applicable			PM1	Strong	no	not_applicable					not_applicable	applicable			MAP2K1		applicable	truncating				not_applicable			noncanonical			0.7			0.3			RASopathy Variant Curation Expert Panel	https://cspec.genome.network/cspec/ui/svi/svi/GN048	GN048 Released; multiple specs (gene-specific kept)
MECP2	XL					0.0000083	Strong		0.000083		0							applicable		not_applicable		ge		Strong	no	not_applicable					applicable	applicable					not_applicable					applicable		0.1				0.644			0.29			Rett and Angelman-like Disorders Variant Curation Expert Panel	https://cspec.genome.network/cspec/ui/svi/svi/GN036	GN036 Released; multiple specs (gene-specific kept)
MFN2	AD																																																					Charcot-Marie-Tooth Disease Variant Curation Expert Panel	https://cspec.genome.network/cspec/ui/svi/svi/GN177	GN177 Classification Rules In Prep
MLH1	AD,AR					0.0001	Strong		0.001		0.00002							not_applicable		not_applicable				Moderate		not_applicable					applicable	applicable	noncanonical				not_applicable					not_applicable												InSiGHT Hereditary Colorectal Cancer/Polyposis Variant Curation Expert Panel	https://cspec.genome.network/cspec/ui/svi/svi/GN115	GN115 Released
MRAS	AD					0.00025	Strong		0.0005		0							applicable		not_applicable				Strong	no	not_applicable					not_applicable	applicable					applicable	truncating				not_applicable			noncanonical			0.7			0.3			RASopathy Variant Curation Expert Panel	https://cspec.genome.network/cspec/ui/svi/svi/GN087	GN087 Released
MSH2	AD,AR					0.0001	Strong		0.001		0.00002							not_applicable		not_applicable				Moderate		not_applicable					applicable	applicable	noncanonical				not_applicable					not_applicable												InSiGHT Hereditary Colorectal Cancer/Polyposis Variant Curation Expert Panel	https://cspec.genome.network/cspec/ui/svi/svi/GN137	GN137 Released
MSH6	AD,AR					0.00022	Strong		0.0022		0.00002							not_applicable		not_applicable				Moderate		not_applicable					applicable	applicable	noncanonical				not_applicable					not_applicable												InSiGHT Hereditary Colorectal Cancer/Polyposis Variant Curation Expert Panel	https://cspec.genome.network/cspec/ui/svi/svi/GN138	GN138 Released
MTM1	XL					0.0000016	Strong		0.000016		0							applicable		not_applicable				Strong		applicable					applicable	applicable					not_applicable					not_applicable						0.7			0.15			Congenital Myopathies Variant Curation Expert Panel	https://cspec.genome.network/cspec/ui/svi/svi/GN149	GN149 Released
MTOR						0.000185	Strong		0.000926		0							not_applicable		applicable				Moderate	no	applicable	3				not_applicable	applicable					not_applicable					not_applicable		0.1	noncanonical									Brain Malformations Variant Curation Expert Panel	https://cspec.genome.network/cspec/ui/svi/svi/GN018	GN018 Released
MUTYH	AR																																																					InSiGHT Hereditary Colorectal Cancer/Polyposis Variant Curation Expert Panel	https://cspec.genome.network/cspec/ui/svi/svi/GN168	GN168 Pilot Rules In Prep
MYBPC3	AD					0.0002	Strong		0.001		0.00004		faf	ci95				applicable		not_applicable			PM1	Moderate		not_applicable					applicable	applicable					not_applicable					not_applicable			donor:7,acceptor:-4			0.7			0.4			Cardiomyopathy Variant Curation Expert Panel	https://cspec.genome.network/cspec/ui/svi/svi/GN095	GN095 Released
MYH6																																																						Congenital Heart Disease Variant Curation Expert Panel	https://cspec.genome.network/cspec/ui/svi/svi/GN219	GN219 Pilot Rules In Prep
MYH7	AD					0.0001	Strong		0.001		0.00004		faf	ci95				applicable		not_applicable			PM1	Moderate		not_applicable					not_applicable	applicable					not_applicable					not_applicable			donor:7,acceptor:-4			0.7			0.4			Cardiomyopathy Variant Curation Expert Panel	https://cspec.genome.network/cspec/ui/svi/svi/GN002	GN002 Released
MYL2	AD					0.0001	Strong		0.001		0.00004		faf	ci95				applicable		not_applicable			PM1	Moderate		not_applicable					not_applicable	applicable					not_applicable					not_applicable			donor:7,acceptor:-4			0.7			0.4			Cardiomyopathy Variant Curation Expert Panel	https://cspec.genome.network/cspec/ui/svi/svi/GN102	GN102 Released
MYL3	AD					0.0001	Strong		0.001		0.00004		faf	ci95				applicable		not_applicable			PM1	Moderate		not_applicable					not_applicable	applicable					not_applicable					not_applicable			donor:7,acceptor:-4			0.7			0.4			Cardiomyopathy Variant Curation Expert Panel	https://cspec.genome.network/cspec/ui/svi/svi/GN103	GN103 Released
MYO15A						0.003	VeryStrong		0.005		0.00007							applicable		not_applicable				Strong	no	not_applicable					applicable	applicable	canonical				not_applicable					applicable						0.7			0.15			Hearing Loss Variant Curation Expert Panel	https://cspec.genome.network/cspec/ui/svi/svi/GN023	GN023 Released
MYO6						0.003	Strong		0.005		0.00002							applicable		not_applicable				Strong	no	not_applicable					applicable	applicable	canonical				not_applicable					applicable						0.7			0.15			Hearing Loss Variant Curation Expert Panel	https://cspec.genome.network/cspec/ui/svi/svi/GN005	GN005 Released; BA1: multiple cutoffs in desc — verify; BS1: multiple cutoffs in desc — verify
MYO7A						0.003	Strong		0.005		0.00002							applicable		not_applicable				Strong	no	not_applicable					applicable	applicable	canonical				not_applicable					applicable						0.7			0.15			Hearing Loss Variant Curation Expert Panel	https://cspec.genome.network/cspec/ui/svi/svi/GN005	GN005 Released; BA1: multiple cutoffs in desc — verify; BS1: multiple cutoffs in desc — verify
MYOC	AD					0.001	Strong	p.Gln368Ter	0.01		0.0001							applicable		not_applicable				Strong		not_applicable					not_applicable	applicable					not_applicable					not_applicable		na	noncanonical			0.644	0.773	0.932	0.29	0.183	0.016	Glaucoma Variant Curation Expert Panel	https://cspec.genome.network/cspec/ui/svi/svi/GN019	GN019 Released
NAGS																																																						Urea Cycle Disorders Variant Curation Expert Panel	https://cspec.genome.network/cspec/ui/svi/svi/GN143	GN143 Pilot Rules In Prep
NDP	XL																																																					X-linked Inherited Retinal Disease Variant Curation Expert Panel	https://cspec.genome.network/cspec/ui/svi/svi/GN191	GN191 Classification Rules In Prep
NEB	AR					0.000237	Strong		0.00559		0.0000559							applicable		not_applicable				Strong		not_applicable					applicable	applicable					not_applicable					not_applicable						0.7			0.15			Congenital Myopathies Variant Curation Expert Panel	https://cspec.genome.network/cspec/ui/svi/svi/GN146	GN146 Released
NF1	AD																																																					Neurofibromatosis and Schwannomatosis Variant Curation Expert Panel	https://cspec.genome.network/cspec/ui/svi/svi/GN109	GN109 Pilot Rules Submitted
NKX2-5	AD																																																					Congenital Heart Disease Variant Curation Expert Panel	https://cspec.genome.network/cspec/ui/svi/svi/GN217	GN217 Pilot Rules In Prep
NR2F2	AD																																																					Congenital Heart Disease Variant Curation Expert Panel	https://cspec.genome.network/cspec/ui/svi/svi/GN218	GN218 Classification Rules In Prep
NRAS	AD					0.00025	Strong		0.0005		0							applicable		not_applicable			PM1	Strong	no	not_applicable					not_applicable	applicable			HRAS,KRAS		applicable	truncating				not_applicable			noncanonical			0.7			0.3			RASopathy Variant Curation Expert Panel	https://cspec.genome.network/cspec/ui/svi/svi/GN039	GN039 Released; multiple specs (gene-specific kept)
OFD1	XL																																																					X-linked Inherited Retinal Disease Variant Curation Expert Panel	https://cspec.genome.network/cspec/ui/svi/svi/GN192	GN192 Classification Rules In Prep
OPA1																																																						Optic Nerve Atrophy Variant Curation Expert Panel	https://cspec.genome.network/cspec/ui/svi/svi/GN166	GN166 Pilot Rules In Prep
OTC	XL					0.002	Strong		0.01		0.000015		faf		homhemi:1			applicable		not_applicable				Moderate		applicable	6			1	applicable	applicable					not_applicable					not_applicable						0.644	0.773	0.932	0.29	0.183	0.016	Urea Cycle Disorders Variant Curation Expert Panel	https://cspec.genome.network/cspec/ui/svi/svi/GN156	GN156 Released
OTOF						0.003	VeryStrong		0.005		0.00007							applicable		not_applicable				Strong	no	not_applicable					applicable	applicable	canonical				not_applicable					applicable						0.7			0.15			Hearing Loss Variant Curation Expert Panel	https://cspec.genome.network/cspec/ui/svi/svi/GN023	GN023 Released
PAH						0.002	Strong		0.015		0.0002							applicable		not_applicable				Moderate		applicable				1	applicable	applicable	canonical				not_applicable					not_applicable						0.644	0.773	0.932	0.29			Phenylketonuria Variant Curation Expert Panel	https://cspec.genome.network/cspec/ui/svi/svi/GN006	GN006 Released
PALB2	AD,AR					0.0001	Strong		0.001		0.0000033333							not_applicable		not_applicable				Supporting		not_applicable					applicable	applicable	canonical				applicable	missense				not_applicable												Hereditary Breast, Ovarian and Pancreatic Cancer Variant Curation Expert Panel	https://cspec.genome.network/cspec/ui/svi/svi/GN077	GN077 Released
PAX6																																																						Ocular Anterior Segment Disorder Variant Curation Expert Panel	https://cspec.genome.network/cspec/ui/svi/svi/GN162	GN162 Pilot Rules Submitted
PCCA	AR																																																					Propionic Acidemia and Methylmalonic Acidemia Variant Curation Expert Panel	https://cspec.genome.network/cspec/ui/svi/svi/GN224	GN224 Pilot Rules In Prep
PCCB	AR																																																					Propionic Acidemia and Methylmalonic Acidemia Variant Curation Expert Panel	https://cspec.genome.network/cspec/ui/svi/svi/GN225	GN225 Pilot Rules In Prep
PDHA1						0.000092	Strong		0.00092		0.0000092	Moderate						applicable		not_applicable				Moderate	no	not_applicable					applicable	applicable					not_applicable					applicable						0.75			0.15			Mitochondrial Diseases Variant Curation Expert Panel	https://cspec.genome.network/cspec/ui/svi/svi/GN014	GN014 Released
PEX1																																																						Peroxisomal Disorders Variant Curation Expert Panel 	https://cspec.genome.network/cspec/ui/svi/svi/GN230	GN230 Classification Rules In Prep
PIK3CA						0.000185	Strong		0.000926		0							not_applicable		applicable				Moderate	no	applicable	3				not_applicable	applicable					not_applicable					not_applicable		0.1	noncanonical									Brain Malformations Variant Curation Expert Panel	https://cspec.genome.network/cspec/ui/svi/svi/GN018	GN018 Released
PIK3CD	AD					0.000316	Strong		0.00316		0.00000132							not_applicable		not_applicable		ge		Moderate		not_applicable					not_applicable	applicable	canonical				not_applicable					not_applicable						0.644			0.29			Antibody Deficiencies Variant Curation Expert Panel	https://cspec.genome.network/cspec/ui/svi/svi/GN141	GN141 Released; BS1: multiple cutoffs in desc — verify; populated over empty placeholder
PIK3R1	AD					0.000316	Strong		0.00316		0.00000132							applicable		not_applicable		gt		Moderate		not_applicable					applicable	applicable	canonical				not_applicable					not_applicable						0.644			0.29			Antibody Deficiencies Variant Curation Expert Panel	https://cspec.genome.network/cspec/ui/svi/svi/GN160	GN160 Released; BS1: multiple cutoffs in desc — verify
PIK3R2						0.000185	Strong		0.000926		0							not_applicable		not_applicable				Moderate	no	applicable	3				not_applicable	applicable					not_applicable					not_applicable		0.1	noncanonical									Brain Malformations Variant Curation Expert Panel	https://cspec.genome.network/cspec/ui/svi/svi/GN018	GN018 Released
PKD1	AD																																																					Kidney Cystic and Ciliopathy Disorders  Variant Curation Expert Panel	https://cspec.genome.network/cspec/ui/svi/svi/GN130	GN130 Classification Rules In Prep
PKD2	AD																																																					Kidney Cystic and Ciliopathy Disorders  Variant Curation Expert Panel	https://cspec.genome.network/cspec/ui/svi/svi/GN131	GN131 Classification Rules In Prep; multiple specs; multiple specs
PMS2	AD,AR					0.00028	Strong		0.0028		0.00002							not_applicable		not_applicable				Moderate		not_applicable					applicable	applicable	noncanonical				not_applicable					not_applicable												InSiGHT Hereditary Colorectal Cancer/Polyposis Variant Curation Expert Panel	https://cspec.genome.network/cspec/ui/svi/svi/GN139	GN139 Released
POLG						0.005	Strong		0.01		0.0005	Moderate						applicable		not_applicable				Moderate	no	applicable				1	applicable	applicable					not_applicable					applicable						0.75			0.15			Mitochondrial Diseases Variant Curation Expert Panel	https://cspec.genome.network/cspec/ui/svi/svi/GN014	GN014 Released
PPP1CB	AD					0.00025	Strong		0.0005		0							applicable		applicable				Strong	no	not_applicable					not_applicable	applicable					applicable	truncating				not_applicable			noncanonical			0.7			0.3			RASopathy Variant Curation Expert Panel	https://cspec.genome.network/cspec/ui/svi/svi/GN128	GN128 Released
PROC	AD																																																					Thrombosis Variant Curation Expert Panel 	https://cspec.genome.network/cspec/ui/svi/svi/GN210	GN210 Classification Rules In Prep
PROS1	AD																																																					Thrombosis Variant Curation Expert Panel 	https://cspec.genome.network/cspec/ui/svi/svi/GN209	GN209 Classification Rules In Prep
PRPH2	AD																																																					Maculopathy Variant Curation Expert Panel	https://cspec.genome.network/cspec/ui/svi/svi/GN231	GN231 Classification Rules Submitted
PTEN	AD					0.000043	Strong		0.00056		0.00001							applicable		applicable		blosum_le		Moderate	no	not_applicable					applicable	applicable	canonical				not_applicable					not_applicable						0.7			0.5			PTEN Variant Curation Expert Panel	https://cspec.genome.network/cspec/ui/svi/svi/GN003	GN003 Released; BS1: multiple cutoffs in desc — verify
PTPN11	AD					0.00025	Strong		0.0005		0							applicable		applicable			PM1	Strong	no	not_applicable					not_applicable	applicable					applicable	truncating				not_applicable			noncanonical			0.7			0.3			RASopathy Variant Curation Expert Panel	https://cspec.genome.network/cspec/ui/svi/svi/GN043	GN043 Released; multiple specs (gene-specific kept)
RAD51C	AD,AR																																																					Hereditary Breast, Ovarian and Pancreatic Cancer Variant Curation Expert Panel	https://cspec.genome.network/cspec/ui/svi/svi/GN096	GN096 Classification Rules In Prep
RAF1	AD					0.00025	Strong		0.0005		0							applicable		not_applicable			PM1	Strong	no	not_applicable					not_applicable	applicable					applicable	truncating				not_applicable			noncanonical			0.7			0.3			RASopathy Variant Curation Expert Panel	https://cspec.genome.network/cspec/ui/svi/svi/GN040	GN040 Released; multiple specs (gene-specific kept)
RAG1	AR					0.00195	Strong		0.00872		0.000102		faf		hom:0			applicable		not_applicable				Strong		applicable	1	Strong:3,Supporting:1		1	applicable	applicable	canonical				not_applicable					not_applicable		na										Severe Combined Immunodeficiency Disease  Variant Curation Expert Panel	https://cspec.genome.network/cspec/ui/svi/svi/GN123	GN123 Released
RAG2	AR					0.00195	Strong		0.00872		0.0000588		faf		hom:0			applicable		not_applicable				Strong		applicable	1	Strong:3,Supporting:1		1	applicable	applicable	canonical				not_applicable					not_applicable		na										Severe Combined Immunodeficiency Disease  Variant Curation Expert Panel	https://cspec.genome.network/cspec/ui/svi/svi/GN124	GN124 Released
RHO	AD																																																					Rhodopsin Variant Curation Expert Panel	https://cspec.genome.network/cspec/ui/svi/svi/GN220	GN220 Classification Rules Submitted
RIT1	AD					0.00025	Strong		0.0005		0							applicable		not_applicable			PM1	Strong	no	not_applicable					not_applicable	applicable					applicable	truncating				not_applicable			noncanonical			0.7			0.3			RASopathy Variant Curation Expert Panel	https://cspec.genome.network/cspec/ui/svi/svi/GN047	GN047 Released; multiple specs (gene-specific kept)
RMRP	AR					0.00089	Strong		0.004		0.0000447		faf					applicable		not_applicable						applicable	2	Strong:3,Supporting:2		1	not_applicable	applicable		Supporting			not_applicable					not_applicable												Severe Combined Immunodeficiency Disease  Variant Curation Expert Panel	https://cspec.genome.network/cspec/ui/svi/svi/GN088	GN088 Released
RP2	XL																																																					X-linked Inherited Retinal Disease Variant Curation Expert Panel	https://cspec.genome.network/cspec/ui/svi/svi/GN182	GN182 Classification Rules In Prep
RPE65	AR					0.0008	Strong		0.008		0.0002		faf					applicable	1	not_applicable				Moderate		not_applicable					applicable	applicable	canonical				not_applicable					not_applicable		na				0.644	0.774		0.29	0.183		Leber Congenital Amaurosis/early onset Retinal Dystrophy Variant Curation Expert Panel	https://cspec.genome.network/cspec/ui/svi/svi/GN120	GN120 Released; BS1: multiple cutoffs in desc — verify
RPGR	XL					0.000005	Strong		0.00005	males	0.00005							applicable		not_applicable		ge		Moderate		not_applicable					applicable	applicable	canonical				not_applicable					applicable	585-1078;609-776;790-906;989-1020	0			0.2	0.644	0.773	0.932	0.29	0.183	0.003	X-linked Inherited Retinal Disease Variant Curation Expert Panel	https://cspec.genome.network/cspec/ui/svi/svi/GN106	GN106 Released; manual override
RRAS2	AD					0.00025	Strong		0.0005		0							applicable		not_applicable				Strong	no	not_applicable					not_applicable	applicable					applicable	truncating				not_applicable			noncanonical			0.7			0.3			RASopathy Variant Curation Expert Panel	https://cspec.genome.network/cspec/ui/svi/svi/GN127	GN127 Released
RS1	XL					0.00002	Strong		0.0002	males	0.000002							applicable		not_applicable		ge		Moderate		not_applicable					applicable	applicable	canonical				not_applicable					not_applicable		0.1				0.644	0.773	0.931	0.29	0.183	0.003	X-linked Inherited Retinal Disease Variant Curation Expert Panel	https://cspec.genome.network/cspec/ui/svi/svi/GN126	GN126 Released
RUNX1	AD					0.00015	Strong		0.0015		0.00005		faf	point				applicable		not_applicable		ge	PM1	Strong		not_applicable					applicable	applicable	canonical				not_applicable					not_applicable		na	noncanonical	0.20	0.20	0.88			0.5			Myeloid Malignancy Variant Curation Expert Panel	https://cspec.genome.network/cspec/ui/svi/svi/GN008	GN008 Released; BS1: multiple cutoffs in desc — verify
RYR1	AR					0.000697	Strong		0.00697		0							applicable		not_applicable		gt		Strong		not_applicable					not_applicable	applicable					not_applicable					not_applicable							0.85		0.5			Congenital Myopathies Variant Curation Expert Panel	https://cspec.genome.network/cspec/ui/svi/svi/GN179	GN179 Released; multiple specs (kept conservative)
RYR2	AD																																																					RYR2 Variant Curation Expert Panel	https://cspec.genome.network/cspec/ui/svi/svi/GN235	GN235 Classification Rules Submitted
SCN1A	AD					0.000004	Strong		0.0002									applicable		not_applicable				Strong		not_applicable					applicable	applicable	canonical				not_applicable					applicable												Epilepsy Sodium Channel Variant Curation Expert Panel	https://cspec.genome.network/cspec/ui/svi/svi/GN067	GN067 Released
SCN1B	AD,AR					0.0001	Strong		0.003									applicable		not_applicable				Strong		applicable					applicable	applicable	canonical				not_applicable					applicable												Epilepsy Sodium Channel Variant Curation Expert Panel	https://cspec.genome.network/cspec/ui/svi/svi/GN076	GN076 Released
SCN2A	AD					0.000002	Strong		0.0001									applicable		not_applicable				Strong		not_applicable					applicable	applicable	canonical				not_applicable					applicable												Epilepsy Sodium Channel Variant Curation Expert Panel	https://cspec.genome.network/cspec/ui/svi/svi/GN068	GN068 Released
SCN3A	AD					0.000002	Strong		0.0001									applicable		not_applicable				Strong		not_applicable					applicable	applicable	canonical				not_applicable					applicable												Epilepsy Sodium Channel Variant Curation Expert Panel	https://cspec.genome.network/cspec/ui/svi/svi/GN069	GN069 Released
SCN8A	AD					0.000002	Strong		0.0001									applicable		not_applicable				Strong		not_applicable					applicable	applicable	canonical				not_applicable					applicable												Epilepsy Sodium Channel Variant Curation Expert Panel	https://cspec.genome.network/cspec/ui/svi/svi/GN070	GN070 Released
SDHB	AD																																																					Endocrine Tumor Predisposition Variant Curation Expert Panel	https://cspec.genome.network/cspec/ui/svi/svi/GN214	GN214 Pilot Rules In Prep
SERPINC1	AD					0.0002	Strong		0.002		0.00002							applicable		not_applicable				Moderate		not_applicable					applicable	applicable					not_applicable					not_applicable		0.1				0.6			0.3			Thrombosis Variant Curation Expert Panel 	https://cspec.genome.network/cspec/ui/svi/svi/GN084	GN084 Released
SERPING1																																																						Hereditary Angioedema Variant Curation Expert Panel 	https://cspec.genome.network/cspec/ui/svi/svi/GN133	GN133 Pilot Rules In Prep
SGCA	AR					0.0009	Strong		0.002		0.00009			ci95				applicable		not_applicable				Strong		not_applicable					applicable	applicable	canonical				not_applicable					not_applicable				0.05	0.05	0.7			0.1			Limb Girdle Muscular Dystrophy Variant Curation Expert Panel	https://cspec.genome.network/cspec/ui/svi/svi/GN189	GN189 Released; populated over empty placeholder
SGCB	AR					0.0009	Strong		0.002		0.00009			ci95				applicable		not_applicable				Strong		not_applicable					applicable	applicable	canonical				not_applicable					not_applicable				0.05	0.05	0.7			0.1			Limb Girdle Muscular Dystrophy Variant Curation Expert Panel	https://cspec.genome.network/cspec/ui/svi/svi/GN184	GN184 Released
SGCD	AR					0.0009	Strong		0.002		0.00009			ci95				applicable		not_applicable				Strong		not_applicable					applicable	applicable	canonical				not_applicable					not_applicable				0.05	0.05	0.7			0.1			Limb Girdle Muscular Dystrophy Variant Curation Expert Panel	https://cspec.genome.network/cspec/ui/svi/svi/GN186	GN186 Released
SGCG	AR					0.0009	Strong		0.002		0.00009			ci95				applicable		not_applicable				Strong		not_applicable					applicable	applicable	canonical				not_applicable					not_applicable				0.05	0.05	0.7			0.1			Limb Girdle Muscular Dystrophy Variant Curation Expert Panel	https://cspec.genome.network/cspec/ui/svi/svi/GN185	GN185 Released
SHOC2	AD					0.00025	Strong		0.0005		0							applicable		not_applicable			PM1	Strong	no	not_applicable					not_applicable	applicable					applicable	truncating				not_applicable			noncanonical			0.7			0.3			RASopathy Variant Curation Expert Panel	https://cspec.genome.network/cspec/ui/svi/svi/GN038	GN038 Released; multiple specs (gene-specific kept)
SLC19A3						0.0005	Strong		0.001		0.00005	Moderate						applicable		not_applicable				Moderate	no	applicable				1	applicable	applicable					not_applicable					applicable						0.75			0.15			Mitochondrial Diseases Variant Curation Expert Panel	https://cspec.genome.network/cspec/ui/svi/svi/GN014	GN014 Released
SLC26A4						0.003	Strong		0.005		0.00002							applicable		not_applicable				Strong	no	not_applicable					applicable	applicable	canonical				not_applicable					applicable						0.7			0.15			Hearing Loss Variant Curation Expert Panel	https://cspec.genome.network/cspec/ui/svi/svi/GN005	GN005 Released; BA1: multiple cutoffs in desc — verify; BS1: multiple cutoffs in desc — verify
SLC6A8	XL					0.0002	Strong		0.002		0.00002		faf		homhemi:0			applicable		not_applicable				Moderate		not_applicable					applicable	applicable	canonical				not_applicable					not_applicable			donor:7,acceptor:-4			0.75			0.2			Cerebral Creatine Deficiency Syndromes Variant Curation Expert Panel	https://cspec.genome.network/cspec/ui/svi/svi/GN027	GN027 Released
SLC9A6	XL					0.0000083	Strong		0.000083		0							applicable	2	not_applicable		ge		Strong	no	not_applicable					applicable	applicable					not_applicable					applicable		0.1				0.664			0.29			Rett and Angelman-like Disorders Variant Curation Expert Panel	https://cspec.genome.network/cspec/ui/svi/svi/GN033	GN033 Released; multiple specs (gene-specific kept)
SOD1																																																						Amyotrophic Lateral Sclerosis Spectrum Disorders Variant Curation Expert Panel 	https://cspec.genome.network/cspec/ui/svi/svi/GN132	GN132 Classification Rules Submitted
SORD	AR																																																					Charcot-Marie-Tooth Disease Variant Curation Expert Panel	https://cspec.genome.network/cspec/ui/svi/svi/GN145	GN145 Pilot Rules In Prep
SOS1	AD					0.00025	Strong		0.0005		0							applicable		not_applicable			PM1	Strong	no	not_applicable					not_applicable	applicable			SOS2		applicable	truncating				not_applicable			noncanonical			0.7			0.3			RASopathy Variant Curation Expert Panel	https://cspec.genome.network/cspec/ui/svi/svi/GN041	GN041 Released; multiple specs (gene-specific kept)
SOS2	AD					0.00025	Strong		0.0005		0							applicable		not_applicable			PM1	Strong	no	not_applicable					not_applicable	applicable			SOS1		applicable	truncating				not_applicable			noncanonical			0.7			0.3			RASopathy Variant Curation Expert Panel	https://cspec.genome.network/cspec/ui/svi/svi/GN042	GN042 Released; multiple specs (gene-specific kept)
SPRED1	AD																																																					Neurofibromatosis and Schwannomatosis Variant Curation Expert Panel	https://cspec.genome.network/cspec/ui/svi/svi/GN174	GN174 Pilot Rules In Prep
TCF4	AD					0.0000083	Strong		0.000083		0							applicable	2	not_applicable		ge		Strong	no	not_applicable					applicable	applicable					not_applicable					applicable		0.1				0.644			0.29			Rett and Angelman-like Disorders Variant Curation Expert Panel	https://cspec.genome.network/cspec/ui/svi/svi/GN032	GN032 Released; multiple specs (gene-specific kept)
TECTA						0.003	Strong		0.005		0.00002							applicable		not_applicable				Strong	no	not_applicable					applicable	applicable	canonical				not_applicable					applicable						0.7			0.15			Hearing Loss Variant Curation Expert Panel	https://cspec.genome.network/cspec/ui/svi/svi/GN005	GN005 Released; BA1: multiple cutoffs in desc — verify; BS1: multiple cutoffs in desc — verify
TNNI3	AD					0.0001	Strong		0.001		0.00004		faf	ci95				applicable		not_applicable			PM1	Moderate		not_applicable					not_applicable	applicable					not_applicable					not_applicable			donor:7,acceptor:-4			0.7			0.4			Cardiomyopathy Variant Curation Expert Panel	https://cspec.genome.network/cspec/ui/svi/svi/GN098	GN098 Released
TNNT2	AD					0.0001	Strong		0.001		0.00004		faf	ci95				applicable		not_applicable			PM1	Moderate		not_applicable					not_applicable	applicable					not_applicable					not_applicable			donor:7,acceptor:-4			0.7			0.4			Cardiomyopathy Variant Curation Expert Panel	https://cspec.genome.network/cspec/ui/svi/svi/GN099	GN099 Released
TP53	AD					0.0003	Strong		0.001		0.00003							not_applicable		not_applicable				Strong		not_applicable					applicable	applicable					not_applicable					not_applicable		na		0.2								TP53 Variant Curation Expert Panel	https://cspec.genome.network/cspec/ui/svi/svi/GN009	GN009 Released
TPM1	AD					0.0001	Strong		0.001		0.00004		faf	ci95				applicable		applicable			PM1	Moderate		not_applicable					not_applicable	applicable					not_applicable					not_applicable			donor:7,acceptor:-4			0.7			0.4			Cardiomyopathy Variant Curation Expert Panel	https://cspec.genome.network/cspec/ui/svi/svi/GN100	GN100 Released
UBE3A	AD					0.0000083	Strong		0.000083		0							applicable	2	not_applicable		ge		Strong	no	not_applicable					applicable	applicable					not_applicable					applicable		0.1				0.644			0.29			Rett and Angelman-like Disorders Variant Curation Expert Panel	https://cspec.genome.network/cspec/ui/svi/svi/GN037	GN037 Released; multiple specs (gene-specific kept)
USH2A						0.003	Strong		0.005		0.00002							applicable		not_applicable				Strong	no	not_applicable					applicable	applicable	canonical				not_applicable					applicable						0.7			0.15			Hearing Loss Variant Curation Expert Panel	https://cspec.genome.network/cspec/ui/svi/svi/GN005	GN005 Released; BA1: multiple cutoffs in desc — verify; BS1: multiple cutoffs in desc — verify
VHL	AD					0.0000156	Strong		0.000156		0.00000156		faf					applicable		not_applicable		ge		Moderate	no	not_applicable					applicable	applicable					not_applicable					applicable	14-48	0.2	noncanonical			0.664						VHL Variant Curation Expert Panel	https://cspec.genome.network/cspec/ui/svi/svi/GN078	GN078 Released
VWF	AD					0.01	Strong		0.1		0.0001							applicable		not_applicable				Moderate		not_applicable					not_applicable	applicable					not_applicable					not_applicable						0.644			0.29			von Willebrand Disease  Variant Curation Expert Panel	https://cspec.genome.network/cspec/ui/svi/svi/GN081	GN081 Released; multiple specs
